R-squared,RMSE,AIC
0.7564548589235277,0.0943802465663086,-204.43811321823222
