R-squared,RMSE,AIC
0.7600032551642892,0.15931569037877602,-160.99181654397012
