R-squared,RMSE,AIC
0.7870351980977914,0.1500754967589486,-158.48874557961466
