R-squared,RMSE,AIC
0.8415464202140494,0.1294514447770212,-172.08934590016685
