R-squared,RMSE,AIC
0.7583974509814341,0.1598477877876509,-154.68505834436914
