R-squared,RMSE,AIC
0.7629847700624792,0.15832299650826412,-161.5668606881122
