R-squared,RMSE,AIC
0.978025272877049,0.02852793531952377,-585.9910836625043
