R-squared,RMSE,AIC
0.9911672437156002,0.014767237989895134,-304.3661592978104
