R-squared,RMSE,AIC
0.7583953972214147,0.15984846718507328,-162.68466731968937
