R-squared,RMSE,AIC
0.9298260888974433,0.08614770563777917,-209.55565926584936
